singapore,san francisco
Ang Mo Kio,Bayview
Bedok,Bernal Heights
Bishan,Castro
Bukit Batok,Chinatown
Bukit Merah,Crocker Amazon
Bukit Panjang,Glen Park
Bukit Timah,Civic Center
Choa Chu Kang,Excelsior
Clementi,Financial District
Downtown Core,Golden Gate Park
Geylang,Haight Ashbury
Hougang,Inner Richmond
Jurong East,Inner Sunset
Jurong West,Lakeshore
Kallang,Marina
Marine Parade,Mission
Novena,Mission Bay
Outram,Nob Hill
Pasir Ris,Noe Valley
Punggol,North Beach
Queenstown,Ocean View
River Valley,Outer Mission
Sembawang,Outer Richmond
Sengkang,Outer Sunset
Serangoon,Pacific Heights
Tampines,Parkside
Tanglin,Potrero Hill
Toa Payoh,Presidio
Woodlands,Presidio Heights
Yishun,Russian Hill
,Seacliff
,South of Market
,Treasure Island YBI
,Twin Peaks
,Visitacion Valley
,West of Twin Peaks
,Western Addition